{
    "accuracy_score": 0.8550230317521713,
    "precision_score": 0.7594759007955078,
    "recall_score": 0.5119066393313357,
    "f1_score": 0.6115873763542158
}